-- Active: 1774622008260@@gondola.proxy.rlwy.net@30240@hr_block_sql_capstone_project
-- ============================================================
--  Government Agency HR Database — Faux Test Data
--  ~100 rows per table, foreign keys respected throughout
-- ============================================================

-- ─────────────────────────────────────────────
--  1. DEPARTMENTS  (department_id TINYINT → max 127)
-- ─────────────────────────────────────────────
INSERT INTO departments (department_id, department_name, department_description, category) VALUES
(1,  'Human Resources',          'Manages recruitment, benefits, and employee relations.',             'Administration'),
(2,  'Finance',                  'Oversees budgeting, payroll, and financial reporting.',              'Administration'),
(3,  'Information Technology',   'Provides technical infrastructure and digital services.',            'Operations'),
(4,  'Legal Affairs',            'Handles contracts, compliance, and litigation support.',             'Administration'),
(5,  'Public Works',             'Manages infrastructure, roads, and public utilities.',              'Operations'),
(6,  'Health Services',          'Coordinates public health programs and clinics.',                   'Social Services'),
(7,  'Parks & Recreation',       'Maintains parks, facilities, and community programs.',              'Community'),
(8,  'Emergency Management',     'Plans and responds to natural and man-made disasters.',             'Operations'),
(9,  'Planning & Zoning',        'Oversees land-use planning and development approvals.',             'Operations'),
(10, 'Procurement',              'Manages purchasing, vendor relations, and contracts.',              'Administration'),
(11, 'Communications',           'Handles public affairs, media relations, and outreach.',            'Community'),
(12, 'Transportation',           'Plans and manages transit systems and infrastructure.',             'Operations'),
(13, 'Social Services',          'Delivers welfare, housing, and support programs.',                  'Social Services'),
(14, 'Education',                'Supports schools, libraries, and adult learning programs.',         'Community'),
(15, 'Environmental Services',   'Manages waste, recycling, and environmental compliance.',           'Operations'),
(16, 'Code Enforcement',         'Investigates bylaw violations and safety concerns.',                'Operations'),
(17, 'Animal Control',           'Handles animal welfare, licensing, and enforcement.',               'Community'),
(18, 'Economic Development',     'Attracts business investment and supports local enterprises.',      'Community'),
(19, 'Audit & Compliance',       'Conducts internal audits and ensures regulatory compliance.',       'Administration'),
(20, 'Fleet Services',           'Manages municipal vehicle fleet maintenance and logistics.',        'Operations'),
(21, 'Records Management',       'Archives documents and manages information requests.',              'Administration'),
(22, 'Security Services',        'Provides physical security for government facilities.',             'Operations'),
(23, 'Research & Policy',        'Conducts analysis and develops policy recommendations.',            'Administration'),
(24, 'Diversity & Inclusion',    'Promotes equitable hiring and workplace culture.',                  'Administration'),
(25, 'Grants Administration',    'Manages federal, provincial, and municipal grant programs.',        'Administration'),
(26, 'Indigenous Relations',     'Supports treaties, consultation, and reconciliation initiatives.', 'Community'),
(27, 'Capital Projects',         'Oversees major infrastructure and construction projects.',         'Operations'),
(28, 'Licensing & Permits',      'Issues business licenses, building permits, and inspections.',     'Operations'),
(29, 'Tourism',                  'Promotes the region and manages visitor services.',                 'Community'),
(30, 'Risk Management',          'Identifies and mitigates operational and financial risks.',        'Administration');

-- ─────────────────────────────────────────────
--  2. DIVISIONS  (FK → departments)
-- ─────────────────────────────────────────────
INSERT INTO divisions (division_id, division_name, division_description, department_id) VALUES
(1,  'Talent Acquisition',            'Recruits and onboards new government employees.',                    1),
(2,  'Employee Relations',            'Manages workplace disputes and policy compliance.',                  1),
(3,  'Payroll Operations',            'Processes biweekly payroll and tax remittances.',                    2),
(4,  'Budget Analysis',               'Prepares and monitors departmental budgets.',                        2),
(5,  'Infrastructure IT',             'Maintains servers, networks, and data centers.',                     3),
(6,  'Digital Services',              'Builds and maintains citizen-facing digital platforms.',             3),
(7,  'Contract Law',                  'Reviews and drafts government contracts.',                           4),
(8,  'Regulatory Compliance',         'Ensures adherence to legislation and policy.',                       4),
(9,  'Road Maintenance',              'Repairs and upgrades road and bridge infrastructure.',               5),
(10, 'Utilities Management',          'Oversees water, wastewater, and electrical utilities.',              5),
(11, 'Public Health Programs',        'Delivers immunization, screening, and health education.',            6),
(12, 'Mental Health Services',        'Provides counseling and crisis intervention programs.',              6),
(13, 'Facility Operations',           'Maintains parks infrastructure and sports facilities.',              7),
(14, 'Community Programs',            'Organizes events, camps, and recreation programs.',                  7),
(15, 'Emergency Operations Center',   'Coordinates multi-agency disaster response.',                        8),
(16, 'Business Continuity',           'Plans for service continuity during emergencies.',                   8),
(17, 'Development Review',            'Evaluates rezoning and subdivision applications.',                   9),
(18, 'Urban Design',                  'Guides city aesthetics, public space, and master plans.',            9),
(19, 'Purchasing',                    'Manages RFPs, tenders, and vendor selection.',                      10),
(20, 'Inventory Control',             'Tracks asset inventory and surplus disposal.',                      10),
(21, 'Media Relations',               'Liaises with press and manages official communications.',           11),
(22, 'Social Media',                  'Manages government social media channels and campaigns.',            11),
(23, 'Transit Planning',              'Designs bus routes and transit improvement programs.',              12),
(24, 'Active Transportation',         'Promotes cycling, walking, and micro-mobility infrastructure.',     12),
(25, 'Housing Assistance',            'Administers rental subsidies and emergency shelter programs.',      13),
(26, 'Child & Family Services',       'Supports at-risk children and families.',                          13),
(27, 'Library Services',              'Manages branch libraries, collections, and programming.',           14),
(28, 'Early Childhood Education',     'Delivers subsidized daycare and kindergarten programs.',            14),
(29, 'Waste Collection',              'Organizes garbage, recycling, and compost pickup.',                 15),
(30, 'Environmental Monitoring',      'Tracks air, water, and soil quality metrics.',                      15),
(31, 'Bylaw Enforcement',             'Investigates complaints and issues violation orders.',              16),
(32, 'Building Inspection',           'Conducts safety inspections on new and existing structures.',      16),
(33, 'Animal Shelter',                'Operates the municipal animal shelter and adoption program.',       17),
(34, 'Animal Licensing',              'Manages pet registrations and enforcement.',                        17),
(35, 'Business Attraction',           'Recruits new businesses and supports startups.',                    18),
(36, 'Workforce Development',         'Provides training programs and employment support.',                18),
(37, 'Internal Audit',                'Conducts independent reviews of financial and operational controls.',19),
(38, 'Quality Assurance',             'Monitors service quality and process improvement.',                 19),
(39, 'Fleet Maintenance',             'Services and repairs the government vehicle fleet.',                20),
(40, 'Fleet Dispatch',                'Coordinates vehicle assignments and pool bookings.',                20),
(41, 'Document Management',           'Digitizes, stores, and retrieves official records.',               21),
(42, 'FOIP Requests',                 'Processes freedom of information and privacy requests.',            21),
(43, 'Physical Security',             'Guards government buildings and controls access.',                  22),
(44, 'Cybersecurity',                 'Protects government systems from cyber threats.',                   22),
(45, 'Policy Development',            'Researches best practices and drafts policy papers.',               23),
(46, 'Data Analytics',                'Analyzes government data to support decision-making.',              23),
(47, 'Equity Programs',               'Develops initiatives to advance equity and belonging.',             24),
(48, 'Training & Development',        'Designs learning programs to build employee skills.',              24),
(49, 'Federal Grants',                'Manages applications and reporting for federal funding.',           25),
(50, 'Community Grants',              'Administers grants to local non-profit organizations.',             25),
(51, 'Consultation Services',         'Coordinates government-to-government consultations.',              26),
(52, 'Treaty Implementation',         'Manages obligations under existing treaty agreements.',             26),
(53, 'Project Management Office',     'Oversees project delivery, scope, schedule, and budget.',          27),
(54, 'Engineering',                   'Provides design and technical oversight for capital projects.',    27),
(55, 'Business Licensing',            'Issues and renews commercial business licenses.',                  28),
(56, 'Building Permits',              'Reviews and issues construction and renovation permits.',          28),
(57, 'Visitor Services',              'Operates visitor information centers and tourism programs.',       29),
(58, 'Events & Festivals',            'Plans and supports community and cultural events.',                29),
(59, 'Enterprise Risk',               'Assesses strategic and operational risk across the organization.', 30),
(60, 'Insurance Management',          'Manages municipal insurance policies and claims.',                 30);

-- ─────────────────────────────────────────────
--  3. CHANGE_TYPES
-- ─────────────────────────────────────────────
INSERT INTO change_types (change_type_id, change_type_name) VALUES
(1,  'Hire'),
(2,  'Promotion'),
(3,  'Transfer'),
(4,  'Demotion'),
(5,  'Salary Adjustment'),
(6,  'Leave of Absence'),
(7,  'Return from Leave'),
(8,  'Termination'),
(9,  'Retirement'),
(10, 'Contract Extension'),
(11, 'Reclassification'),
(12, 'Acting Assignment'),
(13, 'Pay Increment'),
(14, 'Probation Completion'),
(15, 'Secondment'),
(16, 'Secondment End'),
(17, 'Layoff'),
(18, 'Recall from Layoff'),
(19, 'Title Change'),
(20, 'Lateral Move');

-- ─────────────────────────────────────────────
--  4. LEVELS
-- ─────────────────────────────────────────────
INSERT INTO levels (level_id, level_name, min_count) VALUES
(1,  'E1',  NULL),
(2,  'E2',  2),
(3,  'E3',  5),
(4,  'E4',  8),
(5,  'E5',  10),
(6,  'M1',  3),
(7,  'M2',  5),
(8,  'M3',  8),
(9,  'M4',  10),
(10, 'M5',  15),
(11, 'S1',  NULL),
(12, 'S2',  2),
(13, 'S3',  5),
(14, 'S4',  8),
(15, 'S5',  12),
(16, 'D1',  5),
(17, 'D2',  10),
(18, 'D3',  15),
(19, 'D4',  20),
(20, 'D5',  25);

-- ─────────────────────────────────────────────
--  5. UNIONS
-- ─────────────────────────────────────────────
INSERT INTO unions (union_id, union_name, union_description) VALUES
(1,  'CUPE Local 500',               'Canadian Union of Public Employees – general municipal workers.'),
(2,  'MGEU',                         'Manitoba Government and General Employees Union.'),
(3,  'APEGM',                        'Association of Professional Engineers and Geoscientists of Manitoba.'),
(4,  'MNU',                          'Manitoba Nurses Union – healthcare professionals.'),
(5,  'UFCW Local 832',               'United Food and Commercial Workers – support and service staff.'),
(6,  'IBEW Local 2085',              'International Brotherhood of Electrical Workers – tradespeople.'),
(7,  'Teamsters Local 979',          'Teamsters – transit and fleet operators.'),
(8,  'PSAC',                         'Public Service Alliance of Canada – federally funded positions.'),
(9,  'Non-Union Management',         'Management and exempt staff not covered by a collective agreement.'),
(10, 'IUOE Local 987',               'International Union of Operating Engineers – heavy equipment operators.'),
(11, 'CJHRC',                        'Canadian Joint Health & Research Collective – public health workers.'),
(12, 'CLAC Local 63',                'Christian Labour Association – construction and trades.'),
(13, 'IATSE Local 63',               'International Alliance of Theatrical Stage Employees – events staff.'),
(14, 'UNIFOR Local 144',             'Unifor – communications and media workers.'),
(15, 'AUPE',                         'Alberta Union of Provincial Employees (cross-border agreements).'),
(16, 'SEIU Local 2',                 'Service Employees International Union – facility services.'),
(17, 'CAW Local 3000',               'Canadian Auto Workers – transportation and logistics.'),
(18, 'ONA',                          'Ontario Nurses Association (inter-provincial secondments).'),
(19, 'PIPSC',                        'Professional Institute of the Public Service of Canada – IT and science.'),
(20, 'CSEU',                         'Civil Service Employees Union – administrative professionals.');

-- ─────────────────────────────────────────────
--  6. JOB_FAMILY_TITLES
-- ─────────────────────────────────────────────
INSERT INTO job_family_titles (job_family_title_id, job_family_title_name, job_family_title_description) VALUES
(1,  'Administrative',          'Clerical, coordination, and administrative support functions.'),
(2,  'Information Technology',  'Software development, systems administration, and cybersecurity.'),
(3,  'Engineering',             'Civil, mechanical, electrical, and environmental engineering roles.'),
(4,  'Health & Social',         'Public health, social work, and community support roles.'),
(5,  'Legal',                   'Legal counsel, compliance, and policy advisory roles.'),
(6,  'Finance',                 'Accounting, budget management, and financial analysis roles.'),
(7,  'Trades & Maintenance',    'Skilled trades, facilities maintenance, and equipment operation.'),
(8,  'Communications',          'Public affairs, media, writing, and graphic design roles.'),
(9,  'Management',              'Supervisory, director, and executive leadership roles.'),
(10, 'Planning',                'Urban, transportation, and environmental planning roles.'),
(11, 'Research & Analysis',     'Policy research, data analysis, and program evaluation roles.'),
(12, 'Human Resources',         'Recruitment, training, labour relations, and HR advisory roles.'),
(13, 'Enforcement',             'Bylaw, animal control, and regulatory enforcement roles.'),
(14, 'Environmental',           'Waste management, environmental monitoring, and sustainability roles.'),
(15, 'Recreation & Culture',    'Parks, recreation, libraries, and cultural programming roles.'),
(16, 'Emergency Management',    'Emergency planning, response, and recovery coordination roles.'),
(17, 'Procurement',             'Purchasing, contract management, and vendor relations roles.'),
(18, 'Records & Information',   'Document management, FOIP, and information governance roles.'),
(19, 'Transportation',          'Transit planning, fleet operations, and active transportation roles.'),
(20, 'Project Management',      'Capital project delivery, scheduling, and stakeholder coordination.');

-- ─────────────────────────────────────────────
--  7. JOBS  (FK → levels, unions)
-- ─────────────────────────────────────────────
INSERT INTO jobs (job_id, job_title, level_id, job_description, min_years, union_id) VALUES
(1,  'Administrative Assistant I',        1,  'Provides clerical support including filing, scheduling, and correspondence.',                                             0,  1),
(2,  'Administrative Assistant II',       2,  'Handles complex scheduling, report preparation, and office coordination.',                                               2,  1),
(3,  'Executive Assistant',               3,  'Supports senior management with confidential correspondence and logistics.',                                              4,  9),
(4,  'Junior Software Developer',         1,  'Develops and maintains internal web applications and databases.',                                                        0,  19),
(5,  'Intermediate Software Developer',   3,  'Leads feature development and mentors junior developers.',                                                               3,  19),
(6,  'Senior Software Developer',         5,  'Architects systems, conducts code reviews, and drives technical strategy.',                                              6,  19),
(7,  'Systems Administrator',             3,  'Maintains server infrastructure, backups, and patch management.',                                                        3,  19),
(8,  'Cybersecurity Analyst',             4,  'Monitors threats, responds to incidents, and hardens systems.',                                                          4,  19),
(9,  'Data Analyst',                      3,  'Collects, cleans, and visualizes data to support decision-making.',                                                      2,  19),
(10, 'Civil Engineer I',                  2,  'Assists with design and inspection of civil infrastructure projects.',                                                   2,  3),
(11, 'Civil Engineer II',                 4,  'Leads design, procurement, and construction oversight for capital projects.',                                            5,  3),
(12, 'Environmental Engineer',            4,  'Assesses environmental impact and ensures regulatory compliance.',                                                       4,  3),
(13, 'Public Health Nurse',               4,  'Delivers community health programs including immunization and screening.',                                               3,  4),
(14, 'Social Worker',                     3,  'Provides case management and support services to vulnerable populations.',                                               2,  2),
(15, 'Mental Health Counsellor',          4,  'Offers therapeutic services and crisis intervention support.',                                                           4,  4),
(16, 'Legal Counsel I',                   3,  'Provides general legal advice and drafts contracts and policies.',                                                        3,  9),
(17, 'Legal Counsel II',                  5,  'Handles complex litigation and provides strategic legal guidance.',                                                       6,  9),
(18, 'Financial Analyst',                 3,  'Prepares financial reports, forecasts, and budget analyses.',                                                             2,  2),
(19, 'Accountant',                        3,  'Manages accounts payable/receivable and ensures accurate financial records.',                                             3,  2),
(20, 'Payroll Specialist',                2,  'Processes payroll and administers employee compensation and deductions.',                                                  1,  1),
(21, 'Electrician',                       3,  'Installs and maintains electrical systems in government facilities.',                                                      3,  6),
(22, 'Plumber',                           3,  'Maintains plumbing and mechanical systems in city facilities.',                                                            3,  6),
(23, 'Heavy Equipment Operator',          2,  'Operates bulldozers, graders, and excavators for public works projects.',                                                 2,  10),
(24, 'Fleet Mechanic',                    2,  'Services and repairs municipal vehicles and equipment.',                                                                   2,  7),
(25, 'Communications Specialist',         3,  'Writes press releases, manages media inquiries, and coordinates outreach.',                                               2,  14),
(26, 'Graphic Designer',                  2,  'Creates visual content for publications, signage, and digital platforms.',                                                 1,  14),
(27, 'Urban Planner',                     4,  'Prepares planning documents, processes applications, and advises council.',                                                 4,  10),
(28, 'Transportation Planner',            4,  'Analyzes transit needs and develops sustainable mobility plans.',                                                           4,  10),
(29, 'Policy Analyst',                    4,  'Researches issues and drafts policy options for senior management.',                                                        3,  2),
(30, 'Program Evaluator',                 4,  'Assesses program effectiveness and recommends improvements.',                                                               3,  2),
(31, 'HR Advisor',                        3,  'Provides guidance on recruitment, classification, and labour relations.',                                                   3,  12),
(32, 'Recruitment Specialist',            2,  'Manages job postings, candidate screening, and interview logistics.',                                                       1,  1),
(33, 'Bylaw Enforcement Officer',         2,  'Investigates complaints and enforces municipal bylaws and regulations.',                                                    2,  13),
(34, 'Animal Control Officer',            2,  'Responds to animal calls, enforces licensing, and manages shelter intake.',                                                2,  13),
(35, 'Waste Management Coordinator',      3,  'Plans collection routes and oversees waste diversion programs.',                                                            2,  2),
(36, 'Environmental Technician',          2,  'Collects environmental samples and performs field monitoring.',                                                             1,  3),
(37, 'Recreation Coordinator',            2,  'Plans and delivers community recreation programs and events.',                                                              1,  5),
(38, 'Library Technician',                2,  'Assists patrons, catalogs materials, and supports library programming.',                                                    1,  2),
(39, 'Emergency Management Coordinator', 4,  'Develops emergency plans and coordinates training exercises.',                                                              4,  16),
(40, 'Procurement Officer',               3,  'Manages competitive procurement processes and contract administration.',                                                    2,  1),
(41, 'Records Analyst',                   2,  'Manages records retention schedules and processes information requests.',                                                   1,  1),
(42, 'Project Manager',                   5,  'Leads capital projects from initiation through closeout.',                                                                  5,  20),
(43, 'Supervisor – Roads',                6,  'Supervises road crews and manages maintenance schedules.',                                                                  5,  7),
(44, 'Supervisor – IT',                   6,  'Leads IT operations team and manages service delivery.',                                                                    5,  9),
(45, 'Manager – HR',                      7,  'Manages HR programs, team performance, and labour relations strategy.',                                                     7,  9),
(46, 'Manager – Finance',                 7,  'Oversees financial reporting, budgeting, and internal controls.',                                                           7,  9),
(47, 'Manager – Planning',                7,  'Directs planning division operations and represents the city at hearings.',                                                 8,  9),
(48, 'Director – Public Works',           8,  'Provides strategic direction for all public works operations.',                                                             10, 9),
(49, 'Director – IT',                     8,  'Sets IT strategy and oversees infrastructure, security, and digital services.',                                             10, 9),
(50, 'Director – Finance',                8,  'Leads financial management and treasury functions for the municipality.',                                                    10, 9),
(51, 'Director – HR',                     8,  'Sets human capital strategy and oversees all HR programs.',                                                                  10, 9),
(52, 'Deputy Director – Planning',        7,  'Supports the Planning Director and leads major plan initiatives.',                                                           8,  9),
(53, 'GIS Analyst',                       3,  'Develops and maintains geographic information systems and spatial data.',                                                     2,  19),
(54, 'Business Analyst',                  3,  'Documents requirements and bridges business and technology teams.',                                                           2,  19),
(55, 'Internal Auditor',                  4,  'Conducts financial and operational audits and reports findings.',                                                             3,  9),
(56, 'Risk Analyst',                      3,  'Identifies, assesses, and monitors organizational risks.',                                                                    2,  9),
(57, 'Grants Coordinator',                3,  'Prepares grant applications and manages reporting for funded programs.',                                                      2,  1),
(58, 'Community Development Officer',     3,  'Builds relationships with community groups and supports local initiatives.',                                                  2,  2),
(59, 'Indigenous Liaison Officer',        4,  'Facilitates consultation processes and supports reconciliation initiatives.',                                                  4,  2),
(60, 'Transit Operator',                  1,  'Operates municipal buses safely and provides excellent passenger service.',                                                    0,  7),
(61, 'Events Coordinator',                2,  'Plans and executes community events, festivals, and civic ceremonies.',                                                       1,  13),
(62, 'Tourism Officer',                   3,  'Promotes the region and operates visitor services programs.',                                                                  2,  14),
(63, 'Health Inspector',                  4,  'Inspects food service establishments and investigates health complaints.',                                                     3,  11),
(64, 'Building Inspector',                4,  'Reviews permit applications and inspects construction for code compliance.',                                                   3,  3),
(65, 'Budget Officer',                    4,  'Coordinates departmental budget processes and variance analysis.',                                                              3,  2),
(66, 'Training Coordinator',              3,  'Designs and delivers employee training programs and orientation sessions.',                                                    2,  12),
(67, 'Web Developer',                     3,  'Builds and maintains public-facing government websites and portals.',                                                           2,  19),
(68, 'Network Administrator',             4,  'Manages local area network infrastructure and connectivity.',                                                                  3,  19),
(69, 'Help Desk Technician',              1,  'Provides first-line IT support and resolves user technical issues.',                                                            0,  19),
(70, 'Custodial Worker',                  1,  'Maintains cleanliness and hygiene in government facilities.',                                                                   0,  5),
(71, 'Security Guard',                    1,  'Monitors access control and patrols government buildings.',                                                                     0,  16),
(72, 'Parking Enforcement Officer',       1,  'Enforces parking bylaws and issues tickets in public spaces.',                                                                  0,  13),
(73, 'Cemetery Groundskeeper',            1,  'Maintains municipal cemetery grounds and assists with burial operations.',                                                       0,  5),
(74, 'Lab Technician',                    2,  'Conducts environmental and public health laboratory testing.',                                                                   1,  11),
(75, 'Dietitian',                         3,  'Provides nutrition guidance and supports public health food programs.',                                                           2,  4),
(76, 'Court Clerk',                       2,  'Provides administrative support to municipal court proceedings.',                                                                1,  1),
(77, 'Interpreter',                       2,  'Provides language interpretation services for government programs.',                                                             1,  5),
(78, 'Occupational Health Advisor',       4,  'Promotes workplace health and safety and manages disability claims.',                                                            3,  12),
(79, 'Arborist',                          3,  'Manages urban tree canopy, conducts inspections, and arranges pruning.',                                                         2,  5),
(80, 'Cemetery Manager',                  6,  'Manages cemetery operations, staff, and interment scheduling.',                                                                  5,  9),
(81, 'Comptroller',                       8,  'Oversees all accounting functions and financial reporting for the city.',                                                          10, 9),
(82, 'City Solicitor',                    9,  'Leads the legal department and advises council on legal matters.',                                                                 12, 9),
(83, 'Chief Information Officer',         10, 'Sets enterprise technology strategy and governs digital transformation.',                                                          15, 9),
(84, 'Chief Human Resources Officer',     10, 'Leads organizational human capital strategy and executive HR programs.',                                                           15, 9),
(85, 'Deputy CAO – Operations',           10, 'Supports the CAO in overseeing operational divisions.',                                                                            15, 9),
(86, 'Community Health Worker',           2,  'Provides outreach and support to residents with health and social needs.',                                                          1,  11),
(87, 'Housing Caseworker',                2,  'Assists clients in accessing housing and rental subsidy programs.',                                                                  1,  2),
(88, 'Stormwater Engineer',               4,  'Designs and manages stormwater infrastructure and drainage systems.',                                                                4,  3),
(89, 'Survey Technician',                 2,  'Assists with land surveys and geospatial data collection.',                                                                          1,  3),
(90, 'Archives Specialist',               3,  'Preserves historical government records and supports research requests.',                                                             2,  1),
(91, 'Program Manager',                   7,  'Manages the delivery of a portfolio of related government programs.',                                                                 7,  9),
(92, 'Logistics Coordinator',             2,  'Coordinates supply chain, shipping, and warehouse operations.',                                                                      1,  7),
(93, 'Aquatics Coordinator',              2,  'Oversees municipal pool operations, lifeguards, and aquatic programming.',                                                            1,  5),
(94, 'Horticulturist',                    3,  'Manages planting plans, greenhouse operations, and landscape maintenance.',                                                            2,  5),
(95, 'Welder / Fabricator',               2,  'Performs welding and metal fabrication for public works and fleet.',                                                                  2,  10),
(96, 'Pumping Station Operator',          2,  'Operates and maintains water and wastewater pumping stations.',                                                                       2,  6),
(97, 'Document Controller',               2,  'Manages document workflows and version control for capital projects.',                                                                 1,  1),
(98, 'Privacy Officer',                   5,  'Oversees FOIP compliance and manages privacy breach responses.',                                                                       5,  9),
(99, 'Equity Advisor',                    4,  'Provides guidance on equity, diversity, and inclusion policy.',                                                                         3,  12),
(100,'Student Intern',                    1,  'Supports various departments on a short-term basis for practical learning.',                                                             0,  9),
(101, 'Chief Administrative Officer', 15, 'Serves as the top executive of the municipality, reporting to elected council.', 20, 9);
-- ─────────────────────────────────────────────
--  8. JOB_METADATA  (FK → jobs, job_family_titles, departments, divisions)
-- ─────────────────────────────────────────────
INSERT INTO job_metadata (job_metadata_id, job_id, job_family_title_id, department_id, division_id, min_pay_per_hour, max_pay_per_hour) VALUES
(1,  1,  1,  1,  1,  18.50,  26.00),
(2,  2,  1,  1,  1,  22.00,  30.00),
(3,  3,  1,  1,  2,  28.00,  38.00),
(4,  4,  2,  3,  5,  30.00,  45.00),
(5,  5,  2,  3,  5,  40.00,  58.00),
(6,  6,  2,  3,  5,  50.00,  72.00),
(7,  7,  2,  3,  5,  38.00,  55.00),
(8,  8,  2,  3,  44, 45.00,  65.00),
(9,  9,  2,  3,  6,  36.00,  52.00),
(10, 10, 3,  5,  9,  35.00,  50.00),
(11, 11, 3,  5,  9,  48.00,  68.00),
(12, 12, 3,  15, 30, 45.00,  65.00),
(13, 13, 4,  6,  11, 38.00,  54.00),
(14, 14, 4,  13, 25, 32.00,  48.00),
(15, 15, 4,  6,  12, 40.00,  58.00),
(16, 16, 5,  4,  7,  55.00,  78.00),
(17, 17, 5,  4,  7,  70.00,  100.00),
(18, 18, 6,  2,  4,  38.00,  55.00),
(19, 19, 6,  2,  3,  36.00,  52.00),
(20, 20, 6,  2,  3,  28.00,  40.00),
(21, 21, 7,  5,  10, 34.00,  48.00),
(22, 22, 7,  5,  10, 34.00,  48.00),
(23, 23, 7,  5,  9,  30.00,  44.00),
(24, 24, 7,  20, 39, 30.00,  44.00),
(25, 25, 8,  11, 21, 34.00,  50.00),
(26, 26, 8,  11, 22, 26.00,  38.00),
(27, 27, 10, 9,  17, 46.00,  66.00),
(28, 28, 19, 12, 23, 46.00,  66.00),
(29, 29, 11, 23, 45, 42.00,  60.00),
(30, 30, 11, 23, 45, 42.00,  60.00),
(31, 31, 12, 1,  1,  38.00,  54.00),
(32, 32, 12, 1,  1,  28.00,  40.00),
(33, 33, 13, 16, 31, 28.00,  40.00),
(34, 34, 13, 17, 33, 26.00,  38.00),
(35, 35, 14, 15, 29, 34.00,  50.00),
(36, 36, 14, 15, 30, 24.00,  36.00),
(37, 37, 15, 7,  14, 24.00,  36.00),
(38, 38, 15, 14, 27, 22.00,  34.00),
(39, 39, 16, 8,  15, 44.00,  64.00),
(40, 40, 17, 10, 19, 36.00,  52.00),
(41, 41, 18, 21, 41, 26.00,  38.00),
(42, 42, 20, 27, 53, 55.00,  78.00),
(43, 43, 9,  5,  9,  48.00,  68.00),
(44, 44, 9,  3,  5,  52.00,  74.00),
(45, 45, 9,  1,  1,  62.00,  88.00),
(46, 46, 9,  2,  4,  62.00,  88.00),
(47, 47, 9,  9,  17, 68.00,  96.00),
(48, 48, 9,  5,  9,  82.00,  115.00),
(49, 49, 9,  3,  5,  82.00,  115.00),
(50, 50, 9,  2,  4,  82.00,  115.00),
(51, 51, 9,  1,  1,  82.00,  115.00),
(52, 52, 9,  9,  17, 70.00,  100.00),
(53, 53, 2,  3,  6,  36.00,  52.00),
(54, 54, 2,  3,  6,  38.00,  55.00),
(55, 55, 9,  19, 37, 48.00,  70.00),
(56, 56, 11, 30, 59, 38.00,  55.00),
(57, 57, 17, 25, 49, 32.00,  48.00),
(58, 58, 4,  18, 35, 32.00,  48.00),
(59, 59, 4,  26, 51, 44.00,  64.00),
(60, 60, 19, 12, 23, 20.00,  30.00),
(61, 61, 15, 29, 58, 26.00,  38.00),
(62, 62, 8,  29, 57, 32.00,  48.00),
(63, 63, 4,  6,  11, 42.00,  60.00),
(64, 64, 3,  16, 32, 44.00,  64.00),
(65, 65, 6,  2,  4,  44.00,  64.00),
(66, 66, 12, 1,  2,  32.00,  48.00),
(67, 67, 2,  3,  6,  34.00,  50.00),
(68, 68, 2,  3,  5,  42.00,  62.00),
(69, 69, 2,  3,  5,  22.00,  34.00),
(70, 70, 7,  22, 43, 18.00,  26.00),
(71, 71, 7,  22, 43, 20.00,  28.00),
(72, 72, 13, 12, 23, 22.00,  32.00),
(73, 73, 15, 7,  13, 18.00,  26.00),
(74, 74, 4,  15, 30, 26.00,  38.00),
(75, 75, 4,  6,  11, 38.00,  54.00),
(76, 76, 1,  4,  7,  22.00,  32.00),
(77, 77, 1,  13, 25, 24.00,  36.00),
(78, 78, 12, 1,  2,  44.00,  64.00),
(79, 79, 15, 7,  13, 30.00,  44.00),
(80, 80, 9,  7,  13, 52.00,  74.00),
(81, 81, 6,  2,  4,  88.00,  120.00),
(82, 82, 5,  4,  7,  100.00, 140.00),
(83, 83, 2,  3,  5,  100.00, 140.00),
(84, 84, 12, 1,  1,  100.00, 140.00),
(85, 85, 9,  1,  NULL, 110.00, 150.00),
(86, 86, 4,  6,  11, 24.00,  36.00),
(87, 87, 4,  13, 25, 24.00,  36.00),
(88, 88, 3,  5,  10, 48.00,  68.00),
(89, 89, 3,  5,  9,  26.00,  38.00),
(90, 90, 18, 21, 41, 32.00,  48.00),
(91, 91, 9,  1,  2,  68.00,  96.00),
(92, 92, 19, 20, 40, 26.00,  38.00),
(93, 93, 15, 7,  14, 24.00,  36.00),
(94, 94, 15, 7,  13, 28.00,  42.00),
(95, 95, 7,  5,  9,  28.00,  42.00),
(96, 96, 7,  5,  10, 30.00,  44.00),
(97, 97, 18, 27, 53, 26.00,  38.00),
(98, 98, 5,  21, 42, 52.00,  74.00),
(99, 99, 12, 24, 47, 42.00,  62.00),
(100,100,1,  1,  1,  17.00,  20.00),
(101, 101, 9, 1, NULL, 130.00, 180.00);

-- ─────────────────────────────────────────────
--  9. EMPLOYEES
-- ─────────────────────────────────────────────
INSERT INTO employees (employee_id, first_name, last_name, hire_date, phone_number, upn) VALUES
(1,  'Margaret',  'Sinclair',     '2005-03-14', '204-555-0101', 'msinclair@gov.mb.ca'),
(2,  'James',     'Okafor',       '2010-07-22', '204-555-0102', 'jokafor@gov.mb.ca'),
(3,  'Linda',     'Tran',         '2015-01-08', '204-555-0103', 'ltran@gov.mb.ca'),
(4,  'Derek',     'Kowalski',     '2008-11-30', '204-555-0104', 'dkowalski@gov.mb.ca'),
(5,  'Sophie',    'Beaumont',     '2019-06-03', '204-555-0105', 'sbeaumont@gov.mb.ca'),
(6,  'Henry',     'Nguyen',       '2012-04-17', '204-555-0106', 'hnguyen@gov.mb.ca'),
(7,  'Patricia',  'Lemaire',      '2003-09-01', '204-555-0107', 'plemaire@gov.mb.ca'),
(8,  'Arun',      'Sharma',       '2017-02-28', '204-555-0108', 'asharma@gov.mb.ca'),
(9,  'Cynthia',   'Blackwood',    '2021-08-16', '204-555-0109', 'cblackwood@gov.mb.ca'),
(10, 'Thomas',    'Dupuis',       '2009-05-05', '204-555-0110', 'tdupuis@gov.mb.ca'),
(11, 'Grace',     'Otieno',       '2014-10-20', '204-555-0111', 'gotieno@gov.mb.ca'),
(12, 'Marcus',    'Johansson',    '2018-03-11', '204-555-0112', 'mjohansson@gov.mb.ca'),
(13, 'Fatima',    'Al-Hassan',    '2016-07-04', '204-555-0113', 'falhassan@gov.mb.ca'),
(14, 'Ryan',      'Macleod',      '2022-01-10', '204-555-0114', 'rmacleod@gov.mb.ca'),
(15, 'Isabelle',  'Fontaine',     '2007-12-15', '204-555-0115', 'ifontaine@gov.mb.ca'),
(16, 'Kwame',     'Asante',       '2013-06-30', '204-555-0116', 'kasante@gov.mb.ca'),
(17, 'Elena',     'Volkov',       '2020-09-07', '204-555-0117', 'evolkov@gov.mb.ca'),
(18, 'Brian',     'Moreau',       '2006-04-22', '204-555-0118', 'bmoreau@gov.mb.ca'),
(19, 'Priya',     'Iyer',         '2023-02-14', '204-555-0119', 'piyer@gov.mb.ca'),
(20, 'Curtis',    'Halvorsen',    '2011-08-08', '204-555-0120', 'chalvorsen@gov.mb.ca'),
(21, 'Amelia',    'St-Pierre',    '2018-11-19', '204-555-0121', 'astpierre@gov.mb.ca'),
(22, 'Jamal',     'Washington',   '2015-03-27', '204-555-0122', 'jwashington@gov.mb.ca'),
(23, 'Olga',      'Petrov',       '2010-01-14', '204-555-0123', 'opetrov@gov.mb.ca'),
(24, 'Damien',    'Roy',          '2019-07-31', '204-555-0124', 'droy@gov.mb.ca'),
(25, 'Nadia',     'Klein',        '2004-05-09', '204-555-0125', 'nklein@gov.mb.ca'),
(26, 'Sebastien', 'Bouchard',     '2017-10-02', '204-555-0126', 'sbouchard@gov.mb.ca'),
(27, 'Yuki',      'Tanaka',       '2021-04-18', '204-555-0127', 'ytanaka@gov.mb.ca'),
(28, 'Clifton',   'Erickson',     '2008-06-25', '204-555-0128', 'cerickson@gov.mb.ca'),
(29, 'Miriam',    'Goldberg',     '2012-02-07', '204-555-0129', 'mgoldberg@gov.mb.ca'),
(30, 'Victor',    'Nkemdirim',    '2016-09-13', '204-555-0130', 'vnkemdirim@gov.mb.ca'),
(31, 'Tasha',     'Abramowitz',   '2022-06-01', '204-555-0131', 'tabramowitz@gov.mb.ca'),
(32, 'Floyd',     'Christiansen', '2009-03-16', '204-555-0132', 'fchristiansen@gov.mb.ca'),
(33, 'Reena',     'Mehta',        '2014-12-08', '204-555-0133', 'rmehta@gov.mb.ca'),
(34, 'Antoine',   'Gagnon',       '2018-08-23', '204-555-0134', 'agagnon@gov.mb.ca'),
(35, 'Sandra',    'Bergstrom',    '2005-11-10', '204-555-0135', 'sbergstrom@gov.mb.ca'),
(36, 'Kevin',     'Nakamura',     '2020-02-29', '204-555-0136', 'knakamura@gov.mb.ca'),
(37, 'Diana',     'Osei',         '2013-07-17', '204-555-0137', 'dosei@gov.mb.ca'),
(38, 'Lawrence',  'Cloutier',     '2007-04-03', '204-555-0138', 'lcloutier@gov.mb.ca'),
(39, 'Mei',       'Chen',         '2019-10-26', '204-555-0139', 'mchen@gov.mb.ca'),
(40, 'Bradley',   'Hansen',       '2011-01-19', '204-555-0140', 'bhansen@gov.mb.ca'),
(41, 'Suzanne',   'Dubois',       '2016-05-31', '204-555-0141', 'sdubois@gov.mb.ca'),
(42, 'Jerome',    'Afolabi',      '2023-09-04', '204-555-0142', 'jafolabi@gov.mb.ca'),
(43, 'Anya',      'Stefanov',     '2008-08-12', '204-555-0143', 'astefanov@gov.mb.ca'),
(44, 'Glen',      'Larsson',      '2015-06-07', '204-555-0144', 'glarsson@gov.mb.ca'),
(45, 'Monique',   'Tremblay',     '2021-12-01', '204-555-0145', 'mtremblay@gov.mb.ca'),
(46, 'Omar',      'Farouk',       '2010-03-24', '204-555-0146', 'ofarouk@gov.mb.ca'),
(47, 'Charlotte', 'Deschamps',    '2017-09-15', '204-555-0147', 'cdeschamps@gov.mb.ca'),
(48, 'Isaac',     'Murithi',      '2004-07-28', '204-555-0148', 'imurithi@gov.mb.ca'),
(49, 'Wendy',     'Andreassen',   '2013-11-05', '204-555-0149', 'wandreassen@gov.mb.ca'),
(50, 'Phillip',   'Thibault',     '2020-04-13', '204-555-0150', 'pthibault@gov.mb.ca'),
(51, 'Natasha',   'Okonkwo',      '2006-01-21', '204-555-0151', 'nokonkwo@gov.mb.ca'),
(52, 'Evan',      'Magnusson',    '2018-07-09', '204-555-0152', 'emagnusson@gov.mb.ca'),
(53, 'Lily',      'Huang',        '2022-03-30', '204-555-0153', 'lhuang@gov.mb.ca'),
(54, 'Ricardo',   'Santos',       '2009-09-18', '204-555-0154', 'rsantos@gov.mb.ca'),
(55, 'Elaine',    'Friesen',      '2014-04-26', '204-555-0155', 'efriesen@gov.mb.ca'),
(56, 'Arnold',    'Mensah',       '2019-01-07', '204-555-0156', 'amensah@gov.mb.ca'),
(57, 'Colette',   'Vachon',       '2011-10-14', '204-555-0157', 'cvachon@gov.mb.ca'),
(58, 'Dmitri',    'Zaitsev',      '2016-08-02', '204-555-0158', 'dzaitsev@gov.mb.ca'),
(59, 'Harriet',   'Obinna',       '2023-05-22', '204-555-0159', 'hobinna@gov.mb.ca'),
(60, 'Mitchell',  'Pedersen',     '2007-03-09', '204-555-0160', 'mpedersen@gov.mb.ca'),
(61, 'Simone',    'Lacroix',      '2012-11-27', '204-555-0161', 'slacroix@gov.mb.ca'),
(62, 'Terrence',  'Abara',        '2020-07-20', '204-555-0162', 'tabara@gov.mb.ca'),
(63, 'Ingrid',    'Sorensen',     '2015-02-16', '204-555-0163', 'isorensen@gov.mb.ca'),
(64, 'Abdul',     'Bah',          '2018-05-30', '204-555-0164', 'abah@gov.mb.ca'),
(65, 'Crystal',   'MacPherson',   '2005-09-11', '204-555-0165', 'cmacpherson@gov.mb.ca'),
(66, 'Roderick',  'Wulff',        '2010-04-04', '204-555-0166', 'rwulff@gov.mb.ca'),
(67, 'Bianca',    'Ferreira',     '2017-01-23', '204-555-0167', 'bferreira@gov.mb.ca'),
(68, 'Trevor',    'Gallant',      '2022-10-10', '204-555-0168', 'tgallant@gov.mb.ca'),
(69, 'Miroslava', 'Horak',        '2008-07-06', '204-555-0169', 'mhorak@gov.mb.ca'),
(70, 'Elliot',    'Kowalczyk',    '2013-03-01', '204-555-0170', 'ekowalczyk@gov.mb.ca'),
(71, 'Vanessa',   'Beaulieu',     '2021-06-14', '204-555-0171', 'vbeaulieu@gov.mb.ca'),
(72, 'Raymond',   'Nzinga',       '2016-02-20', '204-555-0172', 'rnzinga@gov.mb.ca'),
(73, 'Josée',     'Lafleur',      '2009-12-03', '204-555-0173', 'jlafleur@gov.mb.ca'),
(74, 'Patrick',   'Sundaram',     '2019-04-09', '204-555-0174', 'psundaram@gov.mb.ca'),
(75, 'Naomi',     'Wiebe',        '2014-08-19', '204-555-0175', 'nwiebe@gov.mb.ca'),
(76, 'Gregory',   'Adeyemi',      '2006-06-28', '204-555-0176', 'gadeyemi@gov.mb.ca'),
(77, 'Katrine',   'Olsen',        '2020-11-11', '204-555-0177', 'kolsen@gov.mb.ca'),
(78, 'Malcolm',   'Reimer',       '2011-02-15', '204-555-0178', 'mreimer@gov.mb.ca'),
(79, 'Shirin',    'Hosseini',     '2018-09-24', '204-555-0179', 'shosseini@gov.mb.ca'),
(80, 'Douglas',   'Charbonneau',  '2003-10-07', '204-555-0180', 'dcharbonneau@gov.mb.ca'),
(81, 'Ife',       'Adeleke',      '2023-07-19', '204-555-0181', 'iadeleke@gov.mb.ca'),
(82, 'Marianne',  'Savoie',       '2015-05-25', '204-555-0182', 'msavoie@gov.mb.ca'),
(83, 'Clinton',   'Brathwaite',   '2007-08-30', '204-555-0183', 'cbrathwaite@gov.mb.ca'),
(84, 'Oksana',    'Polishchuk',   '2012-01-17', '204-555-0184', 'opolishchuk@gov.mb.ca'),
(85, 'Lance',     'Ouellette',    '2019-03-05', '204-555-0185', 'louellette@gov.mb.ca'),
(86, 'Fatou',     'Diallo',       '2022-08-22', '204-555-0186', 'fdiallo@gov.mb.ca'),
(87, 'Warren',    'Macdonald',    '2010-06-10', '204-555-0187', 'wmacdonald@gov.mb.ca'),
(88, 'Akiko',     'Yamamoto',     '2016-12-28', '204-555-0188', 'ayamamoto@gov.mb.ca'),
(89, 'Brendan',   'Galloway',     '2004-04-16', '204-555-0189', 'bgalloway@gov.mb.ca'),
(90, 'Claudette', 'Bergeron',     '2021-01-26', '204-555-0190', 'cbergeron@gov.mb.ca'),
(91, 'Moses',     'Anyika',       '2014-09-08', '204-555-0191', 'manyika@gov.mb.ca'),
(92, 'Heather',   'Stoltz',       '2018-04-07', '204-555-0192', 'hstoltz@gov.mb.ca'),
(93, 'Nikolai',   'Gromov',       '2009-02-11', '204-555-0193', 'ngromov@gov.mb.ca'),
(94, 'Vivienne',  'Archambault',  '2017-07-28', '204-555-0194', 'varchambault@gov.mb.ca'),
(95, 'Alfred',    'Chirwa',       '2023-11-02', '204-555-0195', 'achirwa@gov.mb.ca'),
(96, 'Pauline',   'Martineau',    '2006-10-19', '204-555-0196', 'pmartineau@gov.mb.ca'),
(97, 'Samir',     'El-Amin',      '2020-05-06', '204-555-0197', 'selamin@gov.mb.ca'),
(98, 'Denise',    'Rourke',       '2013-04-14', '204-555-0198', 'drourke@gov.mb.ca'),
(99, 'Tyrone',    'Pemberton',    '2011-07-31', '204-555-0199', 'tpemberton@gov.mb.ca'),
(100,'Ingrid',    'Holm',         '2024-01-15', '204-555-0200', 'iholm@gov.mb.ca'),
(101, 'Council', 'Appointed', '2020-01-01', '204-555-0201', 'cao@gov.mb.ca');

-- ─────────────────────────────────────────────
-- 10. JOB_SUPERVISORS  (PK: supervisor_id + is_supervising)
--     Both columns reference employees.employee_id
-- ─────────────────────────────────────────────

INSERT INTO job_supervisors (supervisor_id, is_supervising) VALUES
(2,1),            
(3,1),(3,2),      
(4,1),(4,2),(4,3),
(5,1),(5,2),(5,3),(5,4),
(6,1),(6,2),(6,3),(6,4),(6,5),              
(7,3),(7,4),(7,5),(7,6),                    
(8,4),(8,5),(8,6),(8,7),                    
(9,6),(9,7),(9,8),                          
(10,7),(10,8),(10,9),                       
(11,6),(11,7),(11,8),(11,9),(11,10),        
(12,7),(12,8),(12,9),(12,10),(12,11),       
(13,8),(13,9),(13,10),(13,11),(13,12),      
(14,9),(14,10),(14,11),(14,12),(14,13),     
(15,10),(15,11),(15,12),(15,13),(15,14),    
(16,11),(16,12),(16,13),(16,14),(16,15),   
(17,12),(17,13),(17,14),(17,15),(17,16), 
(18,13),(18,14),(18,15),(18,16),(18,17), 
(19,14),(19,15),(19,16),(19,17),(19,18),  
(20,15),(20,16),(20,17),(20,18),(20,19);  

-- ─────────────────────────────────────────────
-- 11. EMPLOYEE_JOBS  (FK → employees, jobs, change_types)
-- ─────────────────────────────────────────────
INSERT INTO employee_jobs (employee_job_id, employee_id, job_id, pay_scale, change_type_id, start_date, end_date) VALUES
(1,   1,  45, 72.00, 1,  '2005-03-14', NULL),
(2,   2,  44, 58.00, 1,  '2010-07-22', '2018-06-30'),
(3,   2,  49, 95.00, 2,  '2018-07-01', NULL),
(4,   3,  32, 30.00, 1,  '2015-01-08', '2019-12-31'),
(5,   3,  31, 42.00, 2,  '2020-01-01', NULL),
(6,   4,  43, 60.00, 1,  '2008-11-30', NULL),
(7,   5,  9,  38.00, 1,  '2019-06-03', NULL),
(8,   6,  7,  48.00, 1,  '2012-04-17', '2020-03-31'),
(9,   6,  44, 62.00, 2,  '2020-04-01', NULL),
(10,  7,  51, 95.00, 1,  '2003-09-01', NULL),
(11,  8,  8,  52.00, 1,  '2017-02-28', NULL),
(12,  9,  69, 24.00, 1,  '2021-08-16', '2023-01-31'),
(13,  9,  4,  32.00, 2,  '2023-02-01', NULL),
(14,  10, 11, 58.00, 1,  '2009-05-05', NULL),
(15,  11, 13, 46.00, 1,  '2014-10-20', NULL),
(16,  12, 53, 42.00, 1,  '2018-03-11', NULL),
(17,  13, 15, 52.00, 1,  '2016-07-04', NULL),
(18,  14, 100,18.00, 1,  '2022-01-10', NULL),
(19,  15, 46, 80.00, 1,  '2007-12-15', NULL),
(20,  16, 39, 55.00, 1,  '2013-06-30', NULL),
(21,  17, 67, 38.00, 1,  '2020-09-07', NULL),
(22,  18, 50, 96.00, 1,  '2006-04-22', NULL),
(23,  19, 100,17.00, 1,  '2023-02-14', NULL),
(24,  20, 5,  50.00, 1,  '2011-08-08', '2019-07-31'),
(25,  20, 6,  65.00, 2,  '2019-08-01', NULL),
(26,  21, 20, 34.00, 1,  '2018-11-19', NULL),
(27,  22, 27, 58.00, 1,  '2015-03-27', NULL),
(28,  23, 19, 44.00, 1,  '2010-01-14', '2021-06-30'),
(29,  23, 18, 50.00, 5,  '2021-07-01', NULL),
(30,  24, 29, 48.00, 1,  '2019-07-31', NULL),
(31,  25, 47, 85.00, 1,  '2004-05-09', NULL),
(32,  26, 54, 45.00, 1,  '2017-10-02', NULL),
(33,  27, 33, 30.00, 1,  '2021-04-18', NULL),
(34,  28, 10, 42.00, 1,  '2008-06-25', '2015-05-31'),
(35,  28, 11, 60.00, 2,  '2015-06-01', NULL),
(36,  29, 16, 62.00, 1,  '2012-02-07', NULL),
(37,  30, 25, 42.00, 1,  '2016-09-13', NULL),
(38,  31, 41, 28.00, 1,  '2022-06-01', NULL),
(39,  32, 43, 62.00, 1,  '2009-03-16', NULL),
(40,  33, 14, 40.00, 1,  '2014-12-08', NULL),
(41,  34, 37, 28.00, 1,  '2018-08-23', NULL),
(42,  35, 48, 98.00, 1,  '2005-11-10', NULL),
(43,  36, 67, 36.00, 1,  '2020-02-29', NULL),
(44,  37, 30, 52.00, 1,  '2013-07-17', NULL),
(45,  38, 38, 28.00, 1,  '2007-04-03', NULL),
(46,  39, 4,  32.00, 1,  '2019-10-26', NULL),
(47,  40, 5,  45.00, 1,  '2011-01-19', '2017-12-31'),
(48,  40, 6,  58.00, 2,  '2018-01-01', NULL),
(49,  41, 20, 32.00, 1,  '2016-05-31', NULL),
(50,  42, 100,17.00, 1,  '2023-09-04', NULL),
(51,  43, 7,  40.00, 1,  '2008-08-12', '2016-07-31'),
(52,  43, 44, 55.00, 2,  '2016-08-01', NULL),
(53,  44, 9,  40.00, 1,  '2015-06-07', NULL),
(54,  45, 41, 26.00, 1,  '2021-12-01', NULL),
(55,  46, 40, 44.00, 1,  '2010-03-24', NULL),
(56,  47, 65, 52.00, 1,  '2017-09-15', NULL),
(57,  48, 51, 90.00, 1,  '2004-07-28', '2020-09-30'),
(58,  48, 84, 108.00,2,  '2020-10-01', NULL),
(59,  49, 55, 58.00, 1,  '2013-11-05', NULL),
(60,  50, 29, 46.00, 1,  '2020-04-13', NULL),
(61,  51, 98, 60.00, 1,  '2006-01-21', NULL),
(62,  52, 12, 56.00, 1,  '2018-07-09', NULL),
(63,  53, 69, 22.00, 1,  '2022-03-30', NULL),
(64,  54, 21, 38.00, 1,  '2009-09-18', NULL),
(65,  55, 39, 56.00, 1,  '2014-04-26', NULL),
(66,  56, 58, 38.00, 1,  '2019-01-07', NULL),
(67,  57, 19, 40.00, 1,  '2011-10-14', NULL),
(68,  58, 53, 44.00, 1,  '2016-08-02', NULL),
(69,  59, 100,17.00, 1,  '2023-05-22', NULL),
(70,  60, 38, 26.00, 1,  '2007-03-09', '2014-02-28'),
(71,  60, 79, 36.00, 2,  '2014-03-01', NULL),
(72,  61, 62, 40.00, 1,  '2012-11-27', NULL),
(73,  62, 71, 22.00, 1,  '2020-07-20', NULL),
(74,  63, 63, 50.00, 1,  '2015-02-16', NULL),
(75,  64, 34, 28.00, 1,  '2018-05-30', NULL),
(76,  65, 45, 78.00, 1,  '2005-09-11', NULL),
(77,  66, 18, 46.00, 1,  '2010-04-04', NULL),
(78,  67, 26, 32.00, 1,  '2017-01-23', NULL),
(79,  68, 1,  20.00, 1,  '2022-10-10', NULL),
(80,  69, 22, 38.00, 1,  '2008-07-06', NULL),
(81,  70, 27, 54.00, 1,  '2013-03-01', NULL),
(82,  71, 57, 38.00, 1,  '2021-06-14', NULL),
(83,  72, 35, 42.00, 1,  '2016-02-20', NULL),
(84,  73, 19, 40.00, 1,  '2009-12-03', '2018-11-30'),
(85,  73, 65, 50.00, 2,  '2018-12-01', NULL),
(86,  74, 8,  50.00, 1,  '2019-04-09', NULL),
(87,  75, 13, 44.00, 1,  '2014-08-19', NULL),
(88,  76, 59, 56.00, 1,  '2006-06-28', NULL),
(89,  77, 66, 36.00, 1,  '2020-11-11', NULL),
(90,  78, 40, 44.00, 1,  '2011-02-15', NULL),
(91,  79, 30, 50.00, 1,  '2018-09-24', NULL),
(92,  80, 52, 86.00, 1,  '2003-10-07', NULL),
(93,  81, 100,17.00, 1,  '2023-07-19', NULL),
(94,  82, 66, 38.00, 1,  '2015-05-25', NULL),
(95,  83, 42, 70.00, 1,  '2007-08-30', NULL),
(96,  84, 55, 58.00, 1,  '2012-01-17', NULL),
(97,  85, 29, 44.00, 1,  '2019-03-05', NULL),
(98,  86, 100,17.00, 1,  '2022-08-22', NULL),
(99,  87, 23, 34.00, 1,  '2010-06-10', NULL),
(100, 88, 64, 56.00, 1,  '2016-12-28', NULL),
(101, 89, 82, 120.00,1,  '2004-04-16', NULL),
(102, 90, 66, 36.00, 1,  '2021-01-26', NULL),
(103, 91, 58, 40.00, 1,  '2014-09-08', NULL),
(104, 92, 56, 46.00, 1,  '2018-04-07', NULL),
(105, 93, 83, 115.00,1,  '2009-02-11', NULL),
(106, 94, 99, 54.00, 1,  '2017-07-28', NULL),
(107, 95, 100,17.00, 1,  '2023-11-02', NULL),
(108, 96, 45, 74.00, 1,  '2006-10-19', NULL),
(109, 97, 9,  40.00, 1,  '2020-05-06', NULL),
(110, 98, 31, 46.00, 1,  '2013-04-14', NULL),
(111, 99, 42, 66.00, 1,  '2011-07-31', NULL),
(112, 100,1,  18.50, 1,  '2024-01-15', NULL),
(113, 101, 101, 130.00, 1, '2020-01-01', NULL);

-- ─────────────────────────────────────────────
-- 12. EMPLOYEE_PAYMENTS  (FK → employee_jobs)
-- ─────────────────────────────────────────────
INSERT INTO employee_payments (employee_payment_id, employee_job_id, amount, transaction_date) VALUES
(1,   1,   5616.00,  '2024-01-15'),
(2,   1,   5616.00,  '2024-01-31'),
(3,   1,   5616.00,  '2024-02-15'),
(4,   3,   7410.00,  '2024-01-15'),
(5,   3,   7410.00,  '2024-01-31'),
(6,   3,   7410.00,  '2024-02-15'),
(7,   5,   3276.00,  '2024-01-15'),
(8,   5,   3276.00,  '2024-01-31'),
(9,   6,   4650.00,  '2024-01-15'),
(10,  6,   4650.00,  '2024-01-31'),
(11,  7,   2964.00,  '2024-01-15'),
(12,  7,   2964.00,  '2024-01-31'),
(13,  9,   4836.00,  '2024-01-15'),
(14,  9,   4836.00,  '2024-01-31'),
(15,  10,  7410.00,  '2024-01-15'),
(16,  10,  7410.00,  '2024-01-31'),
(17,  11,  4056.00,  '2024-01-15'),
(18,  11,  4056.00,  '2024-01-31'),
(19,  13,  2496.00,  '2024-01-15'),
(20,  13,  2496.00,  '2024-01-31'),
(21,  14,  4524.00,  '2024-01-15'),
(22,  14,  4524.00,  '2024-01-31'),
(23,  15,  3588.00,  '2024-01-15'),
(24,  15,  3588.00,  '2024-01-31'),
(25,  16,  3276.00,  '2024-01-15'),
(26,  16,  3276.00,  '2024-01-31'),
(27,  17,  4056.00,  '2024-01-15'),
(28,  17,  4056.00,  '2024-01-31'),
(29,  18,  1404.00,  '2024-01-15'),
(30,  19,  6240.00,  '2024-01-15'),
(31,  19,  6240.00,  '2024-01-31'),
(32,  20,  4290.00,  '2024-01-15'),
(33,  20,  4290.00,  '2024-01-31'),
(34,  21,  2964.00,  '2024-01-15'),
(35,  22,  7488.00,  '2024-01-15'),
(36,  22,  7488.00,  '2024-01-31'),
(37,  23,  1326.00,  '2024-01-15'),
(38,  25,  5070.00,  '2024-01-15'),
(39,  25,  5070.00,  '2024-01-31'),
(40,  26,  2652.00,  '2024-01-15'),
(41,  27,  4524.00,  '2024-01-15'),
(42,  27,  4524.00,  '2024-01-31'),
(43,  29,  3900.00,  '2024-01-15'),
(44,  29,  3900.00,  '2024-01-31'),
(45,  30,  3744.00,  '2024-01-15'),
(46,  31,  6630.00,  '2024-01-15'),
(47,  31,  6630.00,  '2024-01-31'),
(48,  32,  3510.00,  '2024-01-15'),
(49,  33,  2340.00,  '2024-01-15'),
(50,  35,  4680.00,  '2024-01-15'),
(51,  35,  4680.00,  '2024-01-31'),
(52,  36,  4836.00,  '2024-01-15'),
(53,  37,  3276.00,  '2024-01-15'),
(54,  38,  2184.00,  '2024-01-15'),
(55,  39,  3120.00,  '2024-01-15'),
(56,  40,  4836.00,  '2024-01-15'),
(57,  40,  4836.00,  '2024-01-31'),
(58,  41,  2184.00,  '2024-01-15'),
(59,  42,  7644.00,  '2024-01-15'),
(60,  42,  7644.00,  '2024-01-31'),
(61,  43,  2808.00,  '2024-01-15'),
(62,  44,  3510.00,  '2024-01-15'),
(63,  44,  3510.00,  '2024-01-31'),
(64,  46,  2496.00,  '2024-01-15'),
(65,  48,  4524.00,  '2024-01-15'),
(66,  49,  3276.00,  '2024-01-15'),
(67,  50,  2028.00,  '2024-01-15'),
(68,  51,  3432.00,  '2024-01-15'),
(69,  51,  3432.00,  '2024-01-31'),
(70,  52,  4524.00,  '2024-01-15'),
(71,  52,  4524.00,  '2024-01-31'),
(72,  53,  7020.00,  '2024-01-15'),
(73,  54,  4368.00,  '2024-01-15'),
(74,  55,  2964.00,  '2024-01-15'),
(75,  57,  8424.00,  '2024-01-15'),
(76,  57,  8424.00,  '2024-01-31'),
(77,  58,  8424.00,  '2024-01-15'),
(78,  58,  8424.00,  '2024-01-31'),
(79,  59,  4524.00,  '2024-01-15'),
(80,  60,  3588.00,  '2024-01-15'),
(81,  61,  4680.00,  '2024-01-15'),
(82,  62,  4368.00,  '2024-01-15'),
(83,  63,  1716.00,  '2024-01-15'),
(84,  64,  2964.00,  '2024-01-15'),
(85,  65,  4368.00,  '2024-01-15'),
(86,  66,  2964.00,  '2024-01-15'),
(87,  67,  3120.00,  '2024-01-15'),
(88,  68,  3432.00,  '2024-01-15'),
(89,  69,  1326.00,  '2024-01-15'),
(90,  70,  2028.00,  '2024-01-15'),
(91,  71,  2808.00,  '2024-01-15'),
(92,  72,  3120.00,  '2024-01-15'),
(93,  73,  4368.00,  '2024-01-15'),
(94,  73,  4368.00,  '2024-01-31'),
(95,  74,  3900.00,  '2024-01-15'),
(96,  75,  3432.00,  '2024-01-15'),
(97,  76,  4368.00,  '2024-01-15'),
(98,  77,  2808.00,  '2024-01-15'),
(99,  78,  3432.00,  '2024-01-15'),
(100, 79,  3900.00,  '2024-01-15'),
(101, 80,  6708.00,  '2024-01-15'),
(102, 81,  1326.00,  '2024-01-15'),
(103, 82,  2964.00,  '2024-01-15'),
(104, 83,  5460.00,  '2024-01-15'),
(105, 84,  4524.00,  '2024-01-15'),
(106, 85,  3432.00,  '2024-01-15'),
(107, 86,  1326.00,  '2024-01-15'),
(108, 87,  2652.00,  '2024-01-15'),
(109, 88,  4368.00,  '2024-01-15'),
(110, 89,  9360.00,  '2024-01-15'),
(111, 89,  9360.00,  '2024-01-31'),
(112, 90,  2808.00,  '2024-01-15'),
(113, 91,  3120.00,  '2024-01-15'),
(114, 92,  3588.00,  '2024-01-15'),
(115, 93,  8970.00,  '2024-01-15'),
(116, 93,  8970.00,  '2024-01-31'),
(117, 94,  4212.00,  '2024-01-15'),
(118, 95,  1326.00,  '2024-01-15'),
(119, 96,  5772.00,  '2024-01-15'),
(120, 97,  3120.00,  '2024-01-15'),
(121, 98,  3588.00,  '2024-01-15'),
(122, 99,  5148.00,  '2024-01-15'),
(123, 100, 3588.00,  '2024-01-15'),
(124, 101, 9360.00,  '2024-01-15'),
(125, 101, 9360.00,  '2024-01-31'),
(126, 102, 2808.00,  '2024-01-15'),
(127, 103, 3120.00,  '2024-01-15'),
(128, 104, 3588.00,  '2024-01-15'),
(129, 105, 8970.00,  '2024-01-15'),
(130, 105, 8970.00,  '2024-01-31');

-- End of faux data script